mins,area,time,Arc_lenght,hullArea,radius,roundness,roundness2,compact,eccentricity,leaf
17945,7.6162716346153845,2017-11-13 11:05:00,61.4558436870575,132.5,11.0,0.3393779839114909,0.4408586555712996,0.769811320754717,0.9171374904645756,2
17960,7.675312499999999,2017-11-13 11:20:00,61.69848430156708,135.0,11.0,0.3416655753040467,0.4456507503965825,0.7666666666666667,0.941472220418044,2
17975,7.557230769230768,2017-11-13 11:35:00,61.69848430156708,131.0,11.0,0.3317622252952338,0.4324462837181655,0.7671755725190841,0.9351488242922829,2
17990,7.675312499999999,2017-11-13 11:50:00,61.69848430156708,132.5,11.0,0.3383644586344424,0.4373979587225719,0.7735849056603774,0.933646977469182,2
18005,7.675312499999999,2017-11-13 12:05:00,59.11269783973694,134.5,11.0,0.3776048832455539,0.4836938742526381,0.7806691449814126,0.9131893820073824,2
18020,8.324762019230768,2017-11-13 12:20:00,63.69848430156708,147.5,11.0,0.34842089301611545,0.4568185041766848,0.7627118644067796,0.9181848151186092,2
18035,7.6162716346153845,2017-11-13 12:35:00,61.4558436870575,139.5,11.0,0.33605074877510377,0.4641493015260097,0.7240143369175627,0.9160026131250328,2
18050,7.911475961538461,2017-11-13 12:50:00,58.28427076339722,141.0,11.0,0.3995129721408089,0.521586380294945,0.7659574468085106,0.9084651246548124,2
18065,8.206680288461538,2017-11-13 13:05:00,61.11269783973694,145.0,11.0,0.38021162829161625,0.4878821778963218,0.7793103448275862,0.9261064158869562,2
18080,7.7933942307692305,2017-11-13 13:20:00,63.69848430156708,144.0,11.0,0.3205472215748262,0.4459787430606278,0.71875,0.9047889645529492,2
18095,7.380108173076922,2017-11-13 13:35:00,60.041630148887634,135.5,10.0,0.33986741615273786,0.4723285629609844,0.7195571955719557,0.9123900162668492,2
18110,7.734353365384615,2017-11-13 13:50:00,63.11269783973694,142.5,10.0,0.3249477981622821,0.4495637013410215,0.7228070175438597,0.8892686852314189,2
18125,8.206680288461538,2017-11-13 14:05:00,60.28427076339722,145.5,11.0,0.39073317284647896,0.5031121827359529,0.7766323024054983,0.8972935685801899,2
18140,7.852435096153848,2017-11-13 14:20:00,61.69848430156708,140.0,11.0,0.3482678086432553,0.4621563337446042,0.7535714285714286,0.8890093442846718,2
18155,7.321067307692307,2017-11-13 14:35:00,58.62741661071777,135.0,11.0,0.3546337651909329,0.4935624567090303,0.7185185185185186,0.9160988257914704,2
18170,8.67900721153846,2017-11-13 14:50:00,59.94112491607666,151.0,10.0,0.4231998022987645,0.52812537311664,0.8013245033112583,0.8774806462454156,2
18185,7.380108173076922,2017-11-13 15:05:00,58.041630148887634,128.5,10.0,0.36742346762166095,0.4793290922780044,0.7665369649805448,0.9089485008577068,2
18200,7.1439447115384604,2017-11-13 15:20:00,58.28427076339722,126.5,10.0,0.3514234477164523,0.4679480645908549,0.7509881422924901,0.8808453912404721,2
18215,6.435454326923076,2017-11-13 15:35:00,54.870057225227356,120.0,10.0,0.3568659831301707,0.5008645377265554,0.7125,0.8586854736409502,2
18230,6.25833173076923,2017-11-13 15:50:00,53.11269783973694,114.0,10.0,0.3741902148913588,0.5078295773525583,0.7368421052631579,0.8892361161268024,2
18245,6.022168269230769,2017-11-13 16:05:00,57.94112491607666,124.0,10.0,0.28822174538217504,0.4641493042518144,0.6209677419354839,0.9033299780017858,2
18260,6.671617788461537,2017-11-13 16:20:00,59.94112491607666,137.0,10.0,0.3042841553718389,0.4791601067349648,0.635036496350365,0.859175422539573,2
18275,6.376413461538461,2017-11-13 16:35:00,59.69848430156708,132.0,10.0,0.2873696261749054,0.4654330141728529,0.6174242424242424,0.88901985296338,2
18290,6.671617788461537,2017-11-13 16:50:00,59.94112491607666,137.0,10.0,0.3042841553718389,0.4791601067349648,0.635036496350365,0.8920110002798459,2
18305,7.9114759615384616,2017-11-13 17:05:00,65.69848430156708,164.0,11.0,0.30423939860029864,0.4774666159851576,0.6371951219512195,0.8628832667063664,2
18320,7.970516826923077,2017-11-13 17:20:00,67.94112491607666,165.0,11.0,0.2858470381011545,0.4491882027303856,0.6363636363636364,0.8259446916297879,2
18335,6.9077812499999975,2017-11-13 17:35:00,63.94112491607666,145.0,11.0,0.2735516417439786,0.4456740230660325,0.6137931034482759,0.890407034713537,2
18350,7.4391490384615375,2017-11-13 17:50:00,66.5269113779068,158.0,11.0,0.2739948848949827,0.4486133866674328,0.6107594936708861,0.8683456520472334,2
19085,8.44284375,2017-11-14 06:05:00,63.94112491607666,164.0,11.0,0.3534656045006465,0.5040726881574437,0.7012195121951219,0.8656041749310374,2
19100,8.206680288461538,2017-11-14 06:20:00,64.5269113779068,166.0,11.0,0.3334958134849468,0.5009982356425445,0.6656626506024096,0.8569021382235051,2
19115,7.9114759615384616,2017-11-14 06:35:00,65.35533845424652,167.5,11.0,0.3103846159331889,0.4927907409365795,0.6298507462686567,0.8373573243860789,2
19130,8.206680288461538,2017-11-14 06:50:00,62.76955199241638,167.0,11.0,0.3572151163854391,0.5326332538961459,0.6706586826347305,0.8510937914923945,2
19145,8.147639423076923,2017-11-14 07:05:00,63.11269783973694,164.0,11.0,0.3470316291053499,0.5173926106661579,0.6707317073170732,0.8332362593519972,2
19160,8.501884615384615,2017-11-14 07:20:00,64.76955199241638,174.5,11.0,0.3474770030407886,0.5227132502639449,0.6647564469914039,0.7999324287391553,2
19175,8.619966346153845,2017-11-14 07:35:00,63.94112491607666,168.5,11.0,0.3626864463571851,0.5179039509422516,0.7002967359050445,0.8328060726219618,2
19190,8.088598557692308,2017-11-14 07:50:00,63.94112491607666,162.0,11.0,0.3350239207875693,0.4979254602530846,0.6728395061728395,0.8363923304676697,2
19205,7.6162716346153845,2017-11-14 08:05:00,64.18376553058624,157.0,11.0,0.30961751518424324,0.4789157624032137,0.6464968152866242,0.8917340650919793,2
19220,8.147639423076923,2017-11-14 08:20:00,65.35533845424652,165.0,11.0,0.3221527530301819,0.4854356552509589,0.6636363636363637,0.8800199138332476,2
19235,8.324762019230768,2017-11-14 08:35:00,64.5269113779068,170.0,11.0,0.3395319368059413,0.5130704822845334,0.6617647058823529,0.8932977641476554,2
19250,8.02955769230769,2017-11-14 08:50:00,65.5979790687561,167.0,11.0,0.3153934717143445,0.4876917571879217,0.6467065868263473,0.8410259464826397,2
19265,8.501884615384615,2017-11-14 09:05:00,64.5269113779068,168.0,11.0,0.3485861217874331,0.507034358963539,0.6875,0.8752160965263089,2
19280,8.147639423076923,2017-11-14 09:20:00,65.35533845424652,165.5,11.0,0.3221527530301819,0.4869066723880831,0.6616314199395771,0.8826092180542688,2
19295,8.02955769230769,2017-11-14 09:35:00,62.5269113779068,165.0,11.0,0.3487431204741132,0.5303466809053333,0.6575757575757576,0.8834189195316519,2
19310,8.206680288461538,2017-11-14 09:50:00,63.94112491607666,167.5,11.0,0.3411711486919284,0.5148303369900721,0.6626865671641791,0.8926863559731718,2
19325,8.206680288461538,2017-11-14 10:05:00,67.35533845424652,168.0,11.0,0.30330525695491656,0.4653450517664473,0.6517857142857143,0.8722840610475152,2
19340,8.147639423076923,2017-11-14 10:20:00,66.18376553058624,167.0,11.0,0.3141384074431763,0.4790969318996388,0.655688622754491,0.8766347713267183,2
19355,7.675312499999999,2017-11-14 10:35:00,65.35533845424652,155.0,11.0,0.298616478836196,0.4560153125084766,0.6548387096774193,0.8940957179938631,2
19370,8.088598557692308,2017-11-14 10:50:00,65.11269783973694,166.5,11.0,0.3201122098415896,0.493506323505784,0.6486486486486487,0.8763614394676751,2
19385,7.852435096153848,2017-11-14 11:05:00,62.28427076339722,158.0,11.0,0.3466066363151403,0.5118116685774969,0.6772151898734177,0.8829771714274992,2
19400,8.265721153846151,2017-11-14 11:20:00,63.94112491607666,164.0,11.0,0.3442447626441079,0.5040726881574437,0.6829268292682927,0.8869852972539304,2
19415,8.44284375,2017-11-14 11:35:00,64.5269113779068,168.0,11.0,0.3455680601269357,0.507034358963539,0.6815476190476191,0.8695786495892318,2
19430,8.088598557692308,2017-11-14 11:50:00,65.5979790687561,162.0,11.0,0.3183137816376255,0.4730902075715168,0.6728395061728395,0.860743208956069,2
19445,8.02955769230769,2017-11-14 12:05:00,70.76955199241637,167.5,11.0,0.2634548939623673,0.4202732832256811,0.6268656716417911,0.8401198072914977,2
19460,8.147639423076923,2017-11-14 12:20:00,62.5269113779068,161.0,11.0,0.3583857873996647,0.5174897916712647,0.6925465838509317,0.8682095705430146,2
19475,7.380108173076922,2017-11-14 12:35:00,61.35533845424652,150.5,10.0,0.32880724797174954,0.5023907697436376,0.6544850498338871,0.8628838594662915,2
19490,8.206680288461538,2017-11-14 12:50:00,64.18376553058624,166.5,11.0,0.340121703872346,0.5078947416569113,0.6696696696696697,0.8445460323274685,2
19505,8.44284375,2017-11-14 13:05:00,65.5979790687561,168.5,11.0,0.3358356411773113,0.4920722220728431,0.6824925816023739,0.8561430702261834,2
19520,8.088598557692308,2017-11-14 13:20:00,65.35533845424652,164.5,11.0,0.3192107187559336,0.4839646381138348,0.6595744680851063,0.8746439088911212,2
19535,8.44284375,2017-11-14 13:35:00,63.69848430156708,167.5,11.0,0.3577121168298785,0.5187599962684385,0.6895522388059702,0.86988210742211,2
19550,8.147639423076923,2017-11-14 13:50:00,67.35533845424652,169.0,11.0,0.3005353459324972,0.4681149627888666,0.6420118343195266,0.8565753235594454,2
19565,7.852435096153848,2017-11-14 14:05:00,65.35533845424652,166.0,11.0,0.3074425816589407,0.4883776895252072,0.6295180722891566,0.8637394564110568,2
19580,8.147639423076923,2017-11-14 14:20:00,64.76955199241638,166.5,11.0,0.3324995460131684,0.4987493190197526,0.6666666666666666,0.8633360744008617,2
19595,7.7933942307692305,2017-11-14 14:35:00,64.18376553058624,164.5,11.0,0.32486960952829463,0.5017939039192908,0.6474164133738601,0.8772212243788642,2
19610,8.324762019230768,2017-11-14 14:50:00,67.01219260692596,170.5,11.0,0.3148145022153831,0.4771188678019805,0.6598240469208211,0.8567070233591968,2
19625,8.206680288461538,2017-11-14 15:05:00,63.11269783973694,164.0,11.0,0.3501864620972167,0.5173926106661579,0.6768292682926829,0.8751318955616464,2
19640,7.911475961538461,2017-11-14 15:20:00,61.94112491607666,163.0,11.0,0.3504575859018721,0.5338746402056557,0.656441717791411,0.8937221716689654,2
19655,7.6162716346153845,2017-11-14 15:35:00,63.94112491607666,157.0,11.0,0.310435009170133,0.4825573904921869,0.643312101910828,0.8620484921057661,2
19670,8.383802884615385,2017-11-14 15:50:00,65.11269783973694,171.0,11.0,0.3349322195564781,0.5068443322491836,0.6608187134502924,0.8765784676997442,2
19685,8.265721153846151,2017-11-14 16:05:00,68.5269113779068,170.0,11.0,0.29302297101542424,0.4549215075125307,0.6441176470588236,0.8732747730295104,2
19700,7.911475961538461,2017-11-14 16:20:00,64.5269113779068,164.5,11.0,0.3184055051824605,0.4964711431517986,0.6413373860182371,0.8771038504375674,2
19715,7.9114759615384616,2017-11-14 16:35:00,66.76955199241638,167.5,11.0,0.2959662832337052,0.4721366899204345,0.6268656716417911,0.8882130741636199,2
19730,7.675312499999999,2017-11-14 16:50:00,64.76955199241638,161.0,11.0,0.30554012336345204,0.4822741162893704,0.6335403726708074,0.8695268998828642,2
19745,7.4391490384615375,2017-11-14 17:05:00,62.5269113779068,153.5,11.0,0.3166008973889414,0.493383124357386,0.6416938110749185,0.8982958164594362,2
19760,7.616271634615384,2017-11-14 17:20:00,63.11269783973694,156.5,10.0,0.3186381321785485,0.4937313632271569,0.645367412140575,0.9151212963019107,2
19775,8.088598557692308,2017-11-14 17:35:00,66.18376553058624,165.5,11.0,0.3112695635395856,0.4747936660442527,0.6555891238670695,0.861249077009688,2
19790,8.147639423076923,2017-11-14 17:50:00,64.5269113779068,165.0,11.0,0.33047775182444955,0.4979801739820472,0.6636363636363637,0.8725233684528906,2
20525,6.7306586538461515,2017-11-15 06:05:00,65.5979790687561,151.5,10.0,0.25114665340216324,0.4424269533770666,0.5676567656765676,0.8816640090960065,2
20540,7.202985576923076,2017-11-15 06:20:00,65.94112491607666,153.5,11.0,0.2716595733440065,0.4436143032798404,0.6123778501628665,0.876449008966506,2
20555,7.0849038461538445,2017-11-15 06:35:00,64.76955199241638,152.5,11.0,0.2845716835247838,0.4568124393424161,0.6229508196721312,0.8779684815413628,2
20570,6.494495192307693,2017-11-15 06:50:00,69.01219260692596,142.0,10.0,0.212399794851015,0.37466796110365386,0.5669014084507042,0.9154901922437144,2
20585,7.1439447115384604,2017-11-15 07:05:00,63.35533845424652,149.5,10.0,0.2989832131762196,0.4680417839774329,0.6387959866220736,0.8814182295907147,2
20600,7.02586298076923,2017-11-15 07:20:00,65.35533845424652,154.0,11.0,0.27213817036796184,0.4530732782342284,0.6006493506493507,0.8678728877769193,2
20615,6.848740384615384,2017-11-15 07:35:00,60.5269113779068,143.5,10.0,0.3172886749027971,0.492226214578934,0.6445993031358885,0.8988667171504843,2
20630,7.2620264423076915,2017-11-15 07:50:00,63.94112491607666,154.0,11.0,0.2919933254570558,0.4733365486356484,0.6168831168831169,0.8947627403400168,2
20645,7.321067307692307,2017-11-15 08:05:00,62.76955199241638,153.0,11.0,0.3157526475192721,0.487981364347966,0.6470588235294118,0.8996213773456121,2
20660,6.9077812499999975,2017-11-15 08:20:00,65.94112491607666,150.5,11.0,0.2600995914995807,0.434944316896521,0.5980066445182725,0.8988246636558181,2
20675,7.380108173076922,2017-11-15 08:35:00,68.76955199241638,159.0,11.0,0.2524300650084507,0.42248821406677545,0.5974842767295597,0.9103917466252656,2
20690,6.612576923076923,2017-11-15 08:50:00,62.5269113779068,141.5,10.0,0.27160178506970106,0.4548124566551799,0.5971731448763251,0.9341661222666372,2
20705,7.321067307692307,2017-11-15 09:05:00,64.76955199241638,153.0,11.0,0.2875671749303078,0.4583101850451781,0.6274509803921569,0.9040204507260462,2
20720,6.9077812499999975,2017-11-15 09:20:00,63.11269783973694,150.5,10.0,0.28078013627614673,0.474802365275956,0.5913621262458472,0.9122849155494832,2
20735,7.02586298076923,2017-11-15 09:35:00,66.5269113779068,152.5,11.0,0.2597982587346209,0.4329970978910349,0.6,0.8994603374210962,2
20750,7.2620264423076915,2017-11-15 09:50:00,61.94112491607666,152.5,10.0,0.31442923594934324,0.4994839425236963,0.6295081967213115,0.8939316820023447,2
20765,6.7306586538461515,2017-11-15 10:05:00,63.69848430156708,143.5,11.0,0.2647998786922477,0.4444302057583339,0.5958188153310104,0.9261682028112496,2
20780,6.789699519230767,2017-11-15 10:20:00,60.5269113779068,141.0,11.0,0.3035680835556492,0.4836508449869664,0.6276595744680851,0.9335387508627454,2
20795,7.1439447115384604,2017-11-15 10:35:00,64.28427076339722,150.5,10.0,0.279761693368532,0.4576536396952615,0.6112956810631229,0.8933841610322979,2
20810,6.494495192307693,2017-11-15 10:50:00,61.94112491607666,134.5,11.0,0.2882267996202313,0.4405284607831945,0.654275092936803,0.9454332064291604,2
20825,7.2620264423076915,2017-11-15 11:05:00,66.5269113779068,160.5,10.0,0.26547690919876565,0.4557116997476137,0.5825545171339563,0.855942870418615,2
20840,7.02586298076923,2017-11-15 11:20:00,61.11269783973694,138.5,10.0,0.3095528301135283,0.466011597507866,0.6642599277978339,0.9359419684613411,2
20855,7.0849038461538445,2017-11-15 11:35:00,63.11269783973694,145.0,11.0,0.29024463525174715,0.4574507838206885,0.6344827586206897,0.9357225015275208,2
20870,7.4391490384615375,2017-11-15 11:50:00,67.35533845424652,156.5,11.0,0.26729641366346524,0.433491075008625,0.6166134185303515,0.8892547998122808,2
20885,7.02586298076923,2017-11-15 12:05:00,67.35533845424652,156.0,11.0,0.24790703650653,0.43210611949741534,0.5737179487179487,0.9021342751281766,2
20900,6.376413461538461,2017-11-15 12:20:00,61.11269783973694,132.5,10.0,0.2759057833620578,0.4458233694569837,0.6188679245283019,0.9436746051447912,2
20915,6.612576923076923,2017-11-15 12:35:00,61.69848430156708,134.5,10.0,0.28224547525116905,0.4440001920617805,0.6356877323420075,0.9475925583703702,2
20930,6.9668221153846135,2017-11-15 12:50:00,61.11269783973694,142.0,10.0,0.30618812543838125,0.4777880638708807,0.6408450704225352,0.915635137152118,2
20945,6.494495192307693,2017-11-15 13:05:00,59.11269783973694,130.0,10.0,0.30208390659644313,0.4675108078278286,0.6461538461538462,0.9475018157160128,2
20960,6.9077812499999975,2017-11-15 13:20:00,64.18376553058624,141.0,10.0,0.2730124887585199,0.4301090605022492,0.6347517730496454,0.9091867093994516,2
20975,6.140249999999999,2017-11-15 13:35:00,60.5269113779068,125.5,10.0,0.2658364573509922,0.4304835535167679,0.6175298804780877,0.9433707246909472,2
20990,6.730658653846152,2017-11-15 13:50:00,63.11269783973694,139.0,10.0,0.2776253032842799,0.4385217858694876,0.6330935251798561,0.8990974784369231,2
21005,6.435454326923076,2017-11-15 14:05:00,65.35533845424652,137.0,11.0,0.24271782762547944,0.4030586955720084,0.6021897810218978,0.9523688787689067,2
21020,6.553536057692307,2017-11-15 14:20:00,60.28427076339722,132.5,10.0,0.2904565178681791,0.4581605787801635,0.6339622641509434,0.93670043864888,2
21035,5.904086538461537,2017-11-15 14:35:00,60.870057225227356,123.5,10.0,0.2458897642161403,0.4188604949061149,0.5870445344129555,0.93412261899411,2
21050,6.140249999999999,2017-11-15 14:50:00,62.5269113779068,133.5,10.0,0.2458880066015637,0.4290986781870425,0.5730337078651685,0.9207823154784228,2
21065,6.3173725961538425,2017-11-15 15:05:00,65.94112491607666,138.5,10.0,0.2254196459663033,0.4002643713632436,0.5631768953068592,0.9247247816733306,2
21080,6.789699519230767,2017-11-15 15:20:00,65.69848430156708,145.5,10.0,0.24892314430933524,0.423606052596588,0.5876288659793815,0.8832430712830588,2
21095,6.612576923076923,2017-11-15 15:35:00,65.35533845424652,147.5,10.0,0.2544859647224724,0.4339500554516149,0.5864406779661017,0.8723090753760965,2
21110,7.321067307692307,2017-11-15 15:50:00,65.45584368705751,158.0,11.0,0.29330064224276164,0.4634150147435634,0.6329113924050633,0.8801737482209859,2
21125,7.321067307692307,2017-11-15 16:05:00,63.69848430156708,153.5,10.0,0.29577062473812465,0.4754009518042109,0.6221498371335505,0.8974870346881522,2
21140,6.494495192307693,2017-11-15 16:20:00,62.28427076339722,136.5,11.0,0.26562377736300474,0.4421664098786604,0.6007326007326007,0.948542178661392,2
21155,7.2620264423076915,2017-11-15 16:35:00,63.11269783973694,148.0,11.0,0.29970913422734763,0.466915282796289,0.6418918918918919,0.9239396591182082,2
21170,6.671617788461537,2017-11-15 16:50:00,65.69848430156708,142.0,11.0,0.2431003806997601,0.4134162162798317,0.5880281690140845,0.9194136889827926,2
21185,6.612576923076923,2017-11-15 17:05:00,63.11269783973694,137.0,10.0,0.26500597131681264,0.432212119885754,0.6131386861313869,0.920500610225842,2
21200,7.1439447115384604,2017-11-15 17:20:00,66.76955199241638,156.5,10.0,0.2593228386428655,0.4411306983435701,0.5878594249201278,0.8361928896440938,2
21215,6.789699519230767,2017-11-15 17:35:00,67.11269783973694,142.5,11.0,0.2371479611982657,0.3975715820088572,0.5964912280701754,0.9095740625104158,2
22100,6.9668221153846135,2017-11-16 08:20:00,71.59797906875609,150.0,11.0,0.21326892927071392,0.3677050504667481,0.58,0.9686046605527908,2
22115,6.435454326923076,2017-11-16 08:35:00,65.69848430156708,146.0,10.0,0.23145485348061,0.4250617434989818,0.5445205479452054,0.9528465643628588,2
22130,6.199290865384616,2017-11-16 08:50:00,59.4558436870575,128.0,10.0,0.27727797542051696,0.4550202673567458,0.609375,0.9768899876982288,2
22145,6.435454326923076,2017-11-16 09:05:00,62.041630148887634,131.5,11.0,0.2628084613226556,0.4293082318500523,0.6121673003802282,0.9804988580528022,2
22160,5.786004807692307,2017-11-16 09:20:00,62.870057225227356,134.5,10.0,0.220956589208607,0.4276066366698941,0.516728624535316,0.9679617714270128,2
22175,6.199290865384616,2017-11-16 09:35:00,63.4558436870575,130.5,10.0,0.2371811720725593,0.4072650388877499,0.5823754789272031,0.9635693245592116,2
22190,5.845045673076923,2017-11-16 09:50:00,60.870057225227356,125.5,10.0,0.2424981812614349,0.4256436608155257,0.5697211155378487,0.9715422620149216,2
22205,5.845045673076923,2017-11-16 10:05:00,60.28427076339722,121.5,10.0,0.2489627296012964,0.4201246062021876,0.5925925925925926,0.9866158154553754,2
22220,5.904086538461537,2017-11-16 10:20:00,65.69848430156708,130.0,11.0,0.205252417237522,0.3784796346223809,0.5423076923076923,0.9840040969610928,2
22235,5.904086538461537,2017-11-16 10:35:00,63.69848430156708,131.0,10.0,0.22144083422802005,0.4057167732009878,0.5458015267175572,0.9768703177580788,2
22250,5.667923076923076,2017-11-16 10:50:00,60.62741661071777,129.0,10.0,0.2324773523326717,0.4410232125134506,0.5271317829457365,0.9675193781690674,2
22265,5.549841346153847,2017-11-16 11:05:00,63.11269783973694,128.0,10.0,0.20821897746320994,0.4038186229589526,0.515625,0.9807677957153472,2
22280,5.254637019230769,2017-11-16 11:20:00,58.62741661071777,122.5,9.0,0.2266731282663695,0.447862229235972,0.5061224489795918,0.9680376131784716,2
22295,5.608882211538462,2017-11-16 11:35:00,60.041630148887634,121.5,9.0,0.23529282656728004,0.4235270878211041,0.5555555555555556,0.974733119492528,2
22310,5.667923076923076,2017-11-16 11:50:00,62.62741661071777,135.5,10.0,0.2146622474546128,0.43413036612089595,0.4944649446494465,0.97124933540902,2
22325,5.608882211538462,2017-11-16 12:05:00,60.28427076339722,126.0,9.0,0.2351314668456688,0.43568477680226864,0.5396825396825397,0.9692758481744458,2
22340,5.077514423076923,2017-11-16 12:20:00,59.11269783973694,122.0,9.0,0.21577421899745933,0.4387409119615007,0.4918032786885246,0.9200589670197178,2
22355,5.195596153846154,2017-11-16 12:35:00,58.041630148887634,114.0,9.0,0.2294065305455041,0.4252413736941051,0.5394736842105263,0.9780969168420888,2
22370,5.077514423076923,2017-11-16 12:50:00,55.213203072547905,112.0,9.0,0.24939018285733425,0.4616809996697758,0.5401785714285714,0.978880960377639,2
22385,4.959432692307692,2017-11-16 13:05:00,60.870057225227356,122.0,9.0,0.19162443694085413,0.4137731204740568,0.4631147540983607,0.9705537661052996,2
22400,5.195596153846154,2017-11-16 13:20:00,59.213203072547905,121.5,9.0,0.21683437368228167,0.4354607669817723,0.4979423868312757,0.9613871999898512,2
22415,5.136555288461538,2017-11-16 13:35:00,54.870057225227356,106.0,9.0,0.2608669467325809,0.4424303416584573,0.589622641509434,0.9862859330530184,2
22430,5.195596153846154,2017-11-16 13:50:00,64.04163014888763,130.0,10.0,0.17924249222915647,0.3983166493981255,0.45,0.9673906036544572,2
22445,5.37271875,2017-11-16 14:05:00,61.4558436870575,123.5,10.0,0.20961581359239148,0.410913539343815,0.5101214574898786,0.9733718343170852,2
22460,5.0184735576923085,2017-11-16 14:20:00,62.28427076339722,117.5,10.0,0.1846409184108692,0.3806194370750373,0.4851063829787234,0.9887211879335628,2
22475,5.313677884615384,2017-11-16 14:35:00,60.870057225227356,126.0,10.0,0.21197393466908648,0.4273394522928784,0.4960317460317461,0.970760568879987,2
22490,4.9003918269230775,2017-11-16 14:50:00,62.041630148887634,119.5,9.0,0.17792622536751215,0.39013181525537066,0.4560669456066946,0.9782344145697278,2
22505,4.841350961538461,2017-11-16 15:05:00,57.798989534378045,114.5,9.0,0.20688645668439687,0.4306999870975173,0.480349344978166,0.9594984424307252,2
22520,5.0184735576923085,2017-11-16 15:20:00,62.62741661071777,119.0,9.0,0.1794191919023629,0.3812657827925212,0.4705882352941176,0.9753964670243694,2
22535,4.841350961538461,2017-11-16 15:35:00,55.4558436870575,106.5,9.0,0.2329110460580612,0.4351759018453248,0.5352112676056338,0.9924950250936272,2
22550,4.3099831730769225,2017-11-16 15:50:00,58.041630148887634,106.0,9.0,0.17345371821733233,0.3953998737857469,0.4386792452830189,0.9884179288279432,2
22565,4.6051875,2017-11-16 16:05:00,59.4558436870575,114.0,9.0,0.1812971377749534,0.4052524256146017,0.4473684210526316,0.982728253451588,2
22580,4.5461466346153845,2017-11-16 16:20:00,58.62741661071777,109.5,9.0,0.18280090989223347,0.4003339926639913,0.45662100456621,0.9691675772377308,2
22595,4.7823100961538465,2017-11-16 16:35:00,58.041630148887634,109.0,9.0,0.2032952181256905,0.4065904362513811,0.5,0.9706450516511054,2
22610,4.782310096153847,2017-11-16 16:50:00,58.870057225227356,111.5,9.0,0.1976138823036893,0.4042926215937865,0.4887892376681615,0.9789026748832178,2
22625,4.9003918269230775,2017-11-16 17:05:00,56.62741661071777,114.0,9.0,0.2233732799336512,0.4467465598673024,0.5,0.9822187922212076,2
22640,5.077514423076923,2017-11-16 17:20:00,62.041630148887634,125.5,9.0,0.18772032951618256,0.4097200235527115,0.4581673306772908,0.9651168237017532,2
22655,5.195596153846154,2017-11-16 17:35:00,61.213203072547905,124.0,9.0,0.19954305608975506,0.415854436220666,0.4798387096774194,0.9642452304251192,2
22670,4.3099831730769225,2017-11-16 17:50:00,52.62741661071777,95.0,8.0,0.222321692760664,0.43103185331149146,0.5157894736842106,0.9945074094781028,3
23405,4.664228365384616,2017-11-17 06:05:00,59.4558436870575,116.5,9.0,0.184851983613678,0.4141395402114132,0.4463519313304721,0.979851734229476,2
23420,4.4871057692307685,2017-11-17 06:20:00,61.4558436870575,116.0,9.0,0.15970728654658398,0.3859592758209113,0.4137931034482759,0.9688295942769368,2
23435,5.136555288461538,2017-11-17 06:35:00,60.870057225227356,127.0,9.0,0.2017991858049704,0.4307310352475837,0.46850393700787396,0.9651547841353336,2
23450,4.4280649038461535,2017-11-17 06:50:00,58.62741661071777,112.5,9.0,0.17548887349654413,0.4113020472575253,0.4266666666666667,0.9757061373608694,2
23465,4.4280649038461535,2017-11-17 07:05:00,52.041630148887634,92.0,9.0,0.2389545526257276,0.42687026876829015,0.5597826086956522,0.9963349560662674,3
23645,4.723269230769231,2017-11-17 10:05:00,64.28427076339722,119.5,9.0,0.15508528654125142,0.3633861125819519,0.42677824267782427,0.9828126996494748,2
23660,4.841350961538461,2017-11-17 10:20:00,57.798989534378045,106.5,9.0,0.20688645668439687,0.4006074115797869,0.5164319248826291,0.9953348000580412,2
23675,4.9003918269230775,2017-11-17 10:35:00,58.870057225227356,106.0,9.0,0.2048657678928156,0.3843499362236894,0.5330188679245284,0.9753339194758311,2
23705,4.959432692307692,2017-11-17 11:05:00,60.870057225227356,120.5,9.0,0.19162443694085413,0.4086857460419988,0.4688796680497925,0.9600080497467672,2
23720,4.4280649038461535,2017-11-17 11:20:00,60.62741661071777,110.0,10.0,0.16068287587699365,0.3760663052440277,0.4272727272727273,0.9962771433633534,2
23750,4.841350961538461,2017-11-17 11:50:00,57.4558436870575,106.5,9.0,0.21317166559260592,0.4054068283145095,0.5258215962441315,0.9875563178129041,2
23795,4.9003918269230775,2017-11-17 12:35:00,62.28427076339722,121.5,10.0,0.17816228969469833,0.39357669450737903,0.4526748971193416,0.9806664446621488,2
23810,4.6051875,2017-11-17 12:50:00,59.4558436870575,110.0,9.0,0.1812971377749534,0.3910330422597035,0.4636363636363636,0.983401594934986,2
23825,4.841350961538461,2017-11-17 13:05:00,60.041630148887634,111.0,10.0,0.1899771710802484,0.3869259814661939,0.49099099099099097,0.9901197854313348,2
23840,4.723269230769231,2017-11-17 13:20:00,62.870057225227356,120.0,9.0,0.1637304222193275,0.38150777992853,0.4291666666666665,0.9708970260720308,2
23855,4.723269230769231,2017-11-17 13:35:00,61.94112491607666,113.5,10.0,0.1735911406803666,0.3717470654192756,0.4669603524229075,0.9881863659638276,2
23885,4.6051875,2017-11-17 14:05:00,59.4558436870575,104.5,9.0,0.1812971377749534,0.3714813901467183,0.4880382775119617,0.982899055509382,2
23960,4.4280649038461535,2017-11-17 15:20:00,57.213203072547905,107.0,9.0,0.1861911686797847,0.41077226904612296,0.4532710280373832,0.9748757821327956,2
23975,4.073819711538461,2017-11-17 15:35:00,58.62741661071777,105.0,9.0,0.15355276430947612,0.3838819107736903,0.4,0.971595630204728,2
24050,4.723269230769231,2017-11-17 16:50:00,59.213203072547905,115.5,9.0,0.18816205980693865,0.413956531575265,0.4545454545454545,0.9728268218110386,2
24095,4.4871057692307685,2017-11-17 17:35:00,58.870057225227356,98.5,9.0,0.17948416833087386,0.3571553652644661,0.5025380710659898,0.9915729240523844,2
24875,4.4280649038461535,2017-11-18 06:35:00,60.041630148887634,111.5,10.0,0.16557643351030818,0.38866889129261817,0.4260089686098655,0.9746632616713856,2
